<?xml version="1.0" encoding="UTF-8"?>
<GenRun Id="synth_1" LaunchPart="xc7a35tcpg236-1" LaunchTime="1622138905">
  <File Type="VDS-TIMING-PB" Name="CuLigh_timing_summary_synth.pb"/>
  <File Type="VDS-TIMINGSUMMARY" Name="CuLigh_timing_summary_synth.rpt"/>
  <File Type="RDS-DCP" Name="CuLigh.dcp"/>
  <File Type="RDS-UTIL-PB" Name="CuLigh_utilization_synth.pb"/>
  <File Type="RDS-UTIL" Name="CuLigh_utilization_synth.rpt"/>
  <File Type="RDS-PROPCONSTRS" Name="CuLigh_drc_synth.rpt"/>
  <File Type="RDS-RDS" Name="CuLigh.vds"/>
  <File Type="REPORTS-TCL" Name="CuLigh_reports.tcl"/>
  <File Type="PA-TCL" Name="CuLigh.tcl"/>
  <FileSet Name="sources" Type="DesignSrcs" RelSrcDir="$PSRCDIR/sources_1" RelGenDir="$PGENDIR/sources_1">
    <Filter Type="Srcs"/>
    <File Path="$PSRCDIR/sources_1/new/CuLigh.v">
      <FileInfo>
        <Attr Name="UsedIn" Val="synthesis"/>
        <Attr Name="UsedIn" Val="implementation"/>
        <Attr Name="UsedIn" Val="simulation"/>
      </FileInfo>
    </File>
    <Config>
      <Option Name="DesignMode" Val="RTL"/>
      <Option Name="TopModule" Val="CuLigh"/>
      <Option Name="TopAutoSet" Val="TRUE"/>
    </Config>
  </FileSet>
  <FileSet Name="constrs_in" Type="Constrs" RelSrcDir="$PSRCDIR/constrs_1">
    <Filter Type="Constrs"/>
    <File Path="$PSRCDIR/constrs_1/new/CulighCon.xdc">
      <FileInfo>
        <Attr Name="UsedIn" Val="synthesis"/>
        <Attr Name="UsedIn" Val="implementation"/>
      </FileInfo>
    </File>
    <Config>
      <Option Name="ConstrsType" Val="XDC"/>
    </Config>
  </FileSet>
  <FileSet Name="utils" Type="Utils" RelSrcDir="$PSRCDIR/utils_1">
    <Filter Type="Utils"/>
    <File Path="$PSRCDIR/name.tcl">
      <FileInfo>
        <Attr Name="UsedIn" Val="synthesis"/>
        <Attr Name="UsedIn" Val="implementation"/>
        <Attr Name="UsedIn" Val="simulation"/>
        <Attr Name="UsedInSteps" Val="impl_1;WRITE_BITSTREAM;TCL.PRE"/>
      </FileInfo>
    </File>
    <Config>
      <Option Name="TopAutoSet" Val="TRUE"/>
    </Config>
  </FileSet>
  <Strategy Version="1" Minor="2">
    <StratHandle Name="Vivado Synthesis Defaults" Flow="Vivado Synthesis 2020">
      <Desc>Vivado Synthesis Defaults</Desc>
    </StratHandle>
    <Step Id="synth_design"/>
  </Strategy>
</GenRun>
